模板组 ID,编号,表单名,路径,部门,entities,chain,basis
FG-process-version-01,GRSS-KF-JL-01,产品开发评审记录,/Users/jiashenglin/Desktop/mybrain/文件管理体系/当前公司/04-记录表单/产品开发部/产品开发评审记录.md,产品开发部,"ChangeEvent, ChangeVerificationRecord, Document, Employee, HazardAssessment, Inspection, Material, NonConformance, ProcessRecord, ProcessStep, Product",研发/变更,v3:研发版本
FG-quality-ccp-01,GRSS-KF-JL-02,产品操作规程,/Users/jiashenglin/Desktop/mybrain/文件管理体系/当前公司/04-记录表单/产品开发部/产品操作规程.md,产品开发部,"CCPPoint, Document, Employee, Inspection, ProcessStep, Product, Recipe",研发/变更,v3:CCP
FG-process-version-01,GRSS-KF-JL-03,产品更改申请表,/Users/jiashenglin/Desktop/mybrain/文件管理体系/当前公司/04-记录表单/产品开发部/产品更改申请表.md,产品开发部,"ChangeApproval, ChangeEvent, Document, Employee, Product",研发/变更,v3:研发版本
FG-master-product-01,GRSS-KF-JL-04,产品标签信息记录,/Users/jiashenglin/Desktop/mybrain/文件管理体系/当前公司/04-记录表单/产品开发部/产品标签信息记录.md,产品开发部,"Document, Employee, HazardAssessment, Product, Recipe",研发/变更,v3:产品主数据扩展
FG-master-product-01,GRSS-KF-JL-05,产品规格书,/Users/jiashenglin/Desktop/mybrain/文件管理体系/当前公司/04-记录表单/产品开发部/产品规格书/产品规格书.md,产品开发部,"Document, Employee, Inspection, Product, Recipe",研发/变更,v3:产品主数据扩展
FG-process-parameter-spec-01,GRSS-KF-JL-06,产品配方以及工艺参数,/Users/jiashenglin/Desktop/mybrain/文件管理体系/当前公司/04-记录表单/产品开发部/产品配方以及工艺参数.md,产品开发部,"Document, Employee, Material, ProcessStep, Product, Recipe",研发/变更,v3:工艺参数标准
FG-process-version-01,GRSS-KF-JL-07,产品验证记录表,/Users/jiashenglin/Desktop/mybrain/文件管理体系/当前公司/04-记录表单/产品开发部/产品验证记录表.md,产品开发部,"ChangeVerificationRecord, Document, Employee, HazardAssessment, Inspection, Material, ProcessStep, Product, Supplier",研发/变更,v3:研发版本
FG-process-step-01,GRSS-KF-JL-08,工艺流程图确认记录,/Users/jiashenglin/Desktop/mybrain/文件管理体系/当前公司/04-记录表单/产品开发部/工艺流程图确认记录.md,产品开发部,"ChangeVerificationRecord, Document, Employee, Location, Product, ProductionBatch",研发/变更,v3:工艺步骤
FG-process-version-01,GRSS-KF-JL-09,新产品开发申请书,/Users/jiashenglin/Desktop/mybrain/文件管理体系/当前公司/04-记录表单/产品开发部/新产品开发申请书.md,产品开发部,"Document, Employee, HazardAssessment, ProcessStep, Product",主数据/基础档案,v3:研发版本
FG-quality-ccp-01,GRSS-KF-JL-10,新产品开发计划书,/Users/jiashenglin/Desktop/mybrain/文件管理体系/当前公司/04-记录表单/产品开发部/新产品开发计划书.md,产品开发部,"CCPPoint, Document, HazardAssessment, Inspection, ProcessStep, Product, Recipe",研发/变更,v3:CCP
FG-process-version-01,GRSS-KF-JL-11,研发实验记录,/Users/jiashenglin/Desktop/mybrain/文件管理体系/当前公司/04-记录表单/产品开发部/研发实验记录.md,产品开发部,"Document, Employee, EnvironmentRecord, Inspection, MaterialLot, ProcessRecord, ProcessStep, Recipe",研发/变更,v3:研发版本
FG-batch-inventory-movement-01,GRSS-CC-JL-01,上车单,/Users/jiashenglin/Desktop/mybrain/文件管理体系/当前公司/04-记录表单/仓储组/上车单.md,仓储组,"Document, Employee, InventoryMovement, Product, ProductionBatch",仓储/库存,v3:库存流转
FG-quality-environment-01,GRSS-CC-JL-02,仓库单体空调内置过滤网清洗记录,/Users/jiashenglin/Desktop/mybrain/文件管理体系/当前公司/04-记录表单/仓储组/仓库单体空调内置过滤网清洗记录.md,仓储组,"Document, Employee, MaintenanceRecord",通用支撑,v3:环境卫生
FG-quality-environment-01,GRSS-CC-JL-03,仓库日常巡查表,/Users/jiashenglin/Desktop/mybrain/文件管理体系/当前公司/04-记录表单/仓储组/仓库日常巡查表.md,仓储组,"CorrectiveAction, Document, Employee, EnvironmentRecord",通用支撑,v3:entity EnvironmentRecord
FG-batch-ingredient-usage-01,GRSS-CC-JL-04,仓库领料单,/Users/jiashenglin/Desktop/mybrain/文件管理体系/当前公司/04-记录表单/仓储组/仓库领料单.md,仓储组,"Document, Employee, InventoryMovement, Material, MaterialLot",仓储/库存,v3:投料桥接
FG-batch-inventory-movement-01,GRSS-CC-JL-05,化学品仓登记领用表,/Users/jiashenglin/Desktop/mybrain/文件管理体系/当前公司/04-记录表单/仓储组/化学品仓登记领用表.md,仓储组,"Document, Employee, InventoryMovement, Material, StockCount",仓储/库存,v3:库存流转
FG-batch-inventory-movement-01,GRSS-CC-JL-06,原料标识卡,/Users/jiashenglin/Desktop/mybrain/文件管理体系/当前公司/04-记录表单/仓储组/原料标识卡.md,仓储组,"Document, Employee, InventoryMovement, Location, Material, MaterialInspection, MaterialLot, Supplier",仓储/库存,v3:库存流转
FG-quality-incoming-inspection-01,GRSS-CC-JL-07,原材料验收单,/Users/jiashenglin/Desktop/mybrain/文件管理体系/当前公司/04-记录表单/仓储组/原材料验收单.md,仓储组,"Document, Employee, Material, MaterialInspection, MaterialLot, Supplier",品质/检验,v3:entity MaterialInspection
FG-batch-inventory-movement-01,GRSS-CC-JL-08,废品出入库记录,/Users/jiashenglin/Desktop/mybrain/文件管理体系/当前公司/04-记录表单/仓储组/废品出入库记录.md,仓储组,"CorrectiveAction, Employee, InventoryMovement, WasteRecord",仓储/库存,v3:库存流转
FG-batch-finished-goods-01,GRSS-CC-JL-09,成品入库单,/Users/jiashenglin/Desktop/mybrain/文件管理体系/当前公司/04-记录表单/仓储组/成品入库单.md,仓储组,"Document, Employee, InventoryMovement, Location, ProcessStep, Product, ProductionBatch",仓储/库存,v3:成品入库
FG-batch-finished-goods-01,GRSS-CC-JL-10,成品入库卡,/Users/jiashenglin/Desktop/mybrain/文件管理体系/当前公司/04-记录表单/仓储组/成品入库卡.md,仓储组,"Document, Employee, InventoryMovement, Location, ProcessStep, Product, ProductionBatch, StockCount",仓储/库存,v3:成品入库
FG-quality-hold-disposition-01,GRSS-CC-JL-11,报废申请单,/Users/jiashenglin/Desktop/mybrain/文件管理体系/当前公司/04-记录表单/仓储组/报废申请单.md,仓储组,"CorrectiveAction, Document, Employee, NonConformance, Product, ProductionBatch",品质/检验,v3:待判隔离
FG-batch-inventory-movement-01,GRSS-CC-JL-12,车间易耗品库登记领用表,/Users/jiashenglin/Desktop/mybrain/文件管理体系/当前公司/04-记录表单/仓储组/车间易耗品库登记领用表.md,仓储组,"Document, Employee, InventoryMovement, Material, StockCount",仓储/库存,v3:库存流转
FG-quality-environment-01,GRSS-CC-JL-13,运输车辆清洁消毒记录表,/Users/jiashenglin/Desktop/mybrain/文件管理体系/当前公司/04-记录表单/仓储组/运输车辆清洁消毒记录表.md,仓储组,"CleaningRecord, Document, Employee",通用支撑,v3:环境卫生
FG-quality-product-inspection-01,GRSS-ZZ-JL-01,不合格品评审处置记录,/Users/jiashenglin/Desktop/mybrain/文件管理体系/当前公司/04-记录表单/制造部/不合格品评审处置记录.md,制造部,"Employee, Location, NonConformance, Product, ProductionBatch",品质/检验,v3:产品检验
FG-quality-environment-01,GRSS-ZZ-JL-02,工器具设施设备清洗消毒记录表,/Users/jiashenglin/Desktop/mybrain/文件管理体系/当前公司/04-记录表单/制造部/工器具设施设备清洗消毒记录表.md,制造部,"CleaningRecord, Employee, Equipment, Location, ProductionBatch",生产执行,v3:环境卫生
FG-batch-ingredient-usage-01,GRSS-ZZ-JL-03,工艺、配料变更、复称、评估、验证记录,/Users/jiashenglin/Desktop/mybrain/文件管理体系/当前公司/04-记录表单/制造部/工艺、配料变更、复称、评估、验证记录.md,制造部,"ChangeEvent, Employee, Material, Product, ProductionBatch",研发/变更,v3:投料桥接
FG-quality-process-monitoring-01,GRSS-ZZ-JL-04,带标签废弃物处理记录表,/Users/jiashenglin/Desktop/mybrain/文件管理体系/当前公司/04-记录表单/制造部/带标签废弃物处理记录表.md,制造部,"CorrectiveAction, Employee",通用支撑,v3:fallback 制造
FG-batch-inventory-movement-01,GRSS-ZZ-JL-05,废蛋糕出入库记录表,/Users/jiashenglin/Desktop/mybrain/文件管理体系/当前公司/04-记录表单/制造部/废蛋糕出入库记录表.md,制造部,"Employee, InventoryMovement",仓储/库存,v3:库存流转
FG-batch-ingredient-usage-01,GRSS-ZZ-JL-06,投料打料记录-坚果牛奶咸蛋糕,/Users/jiashenglin/Desktop/mybrain/文件管理体系/当前公司/04-记录表单/制造部/投料打料记录-坚果牛奶咸蛋糕.md,制造部,"CalibrationRecord, Employee, IngredientUsage, MeasuringEquipment, ProductionBatch",生产执行,v3:投料桥接
FG-batch-ingredient-usage-01,GRSS-ZZ-JL-07,投料打料记录-提拉米苏小蛋糕,/Users/jiashenglin/Desktop/mybrain/文件管理体系/当前公司/04-记录表单/制造部/投料打料记录-提拉米苏小蛋糕.md,制造部,"CalibrationRecord, Employee, IngredientUsage, MeasuringEquipment, ProductionBatch",生产执行,v3:投料桥接
FG-batch-ingredient-usage-01,GRSS-ZZ-JL-08,投料打料记录-椰丝,/Users/jiashenglin/Desktop/mybrain/文件管理体系/当前公司/04-记录表单/制造部/投料打料记录-椰丝.md,制造部,"CalibrationRecord, Employee, IngredientUsage, MeasuringEquipment, ProductionBatch",生产执行,v3:投料桥接
FG-batch-ingredient-usage-01,GRSS-ZZ-JL-09,投料打料记录-椰奶,/Users/jiashenglin/Desktop/mybrain/文件管理体系/当前公司/04-记录表单/制造部/投料打料记录-椰奶.md,制造部,"CalibrationRecord, Employee, IngredientUsage, MeasuringEquipment, ProductionBatch",生产执行,v3:投料桥接
FG-batch-ingredient-usage-01,GRSS-ZZ-JL-10,投料打料记录-老华侨蛋糕,/Users/jiashenglin/Desktop/mybrain/文件管理体系/当前公司/04-记录表单/制造部/投料打料记录-老华侨蛋糕.md,制造部,"CalibrationRecord, Employee, IngredientUsage, MeasuringEquipment, ProductionBatch",生产执行,v3:投料桥接
FG-batch-ingredient-usage-01,GRSS-ZZ-JL-11,投料打料记录-肉松,/Users/jiashenglin/Desktop/mybrain/文件管理体系/当前公司/04-记录表单/制造部/投料打料记录-肉松.md,制造部,"CalibrationRecord, Employee, IngredientUsage, MeasuringEquipment, ProductionBatch",生产执行,v3:投料桥接
FG-batch-ingredient-usage-01,GRSS-ZZ-JL-12,投料打料记录-肉松鸡蛋糕,/Users/jiashenglin/Desktop/mybrain/文件管理体系/当前公司/04-记录表单/制造部/投料打料记录-肉松鸡蛋糕.md,制造部,"CalibrationRecord, Employee, IngredientUsage, MeasuringEquipment, ProductionBatch",生产执行,v3:投料桥接
FG-batch-ingredient-usage-01,GRSS-ZZ-JL-13,投料打料记录-芝士咸蛋糕,/Users/jiashenglin/Desktop/mybrain/文件管理体系/当前公司/04-记录表单/制造部/投料打料记录-芝士咸蛋糕.md,制造部,"CalibrationRecord, Employee, IngredientUsage, MeasuringEquipment, ProductionBatch",生产执行,v3:投料桥接
FG-batch-ingredient-usage-01,GRSS-ZZ-JL-14,投料打料记录-钙奶棒,/Users/jiashenglin/Desktop/mybrain/文件管理体系/当前公司/04-记录表单/制造部/投料打料记录-钙奶棒.md,制造部,"CalibrationRecord, Employee, IngredientUsage, MeasuringEquipment, ProductionBatch",生产执行,v3:投料桥接
FG-batch-ingredient-usage-01,GRSS-ZZ-JL-15,投料打料记录-香蕉蒸蛋糕（原味）,/Users/jiashenglin/Desktop/mybrain/文件管理体系/当前公司/04-记录表单/制造部/投料打料记录-香蕉蒸蛋糕（原味）.md,制造部,"CalibrationRecord, Employee, IngredientUsage, MeasuringEquipment, ProductionBatch",生产执行,v3:投料桥接
FG-batch-ingredient-usage-01,GRSS-ZZ-JL-16,投料打料记录-香蕉蒸蛋糕（香蕉味）,/Users/jiashenglin/Desktop/mybrain/文件管理体系/当前公司/04-记录表单/制造部/投料打料记录-香蕉蒸蛋糕（香蕉味）.md,制造部,"CalibrationRecord, Employee, IngredientUsage, MeasuringEquipment, ProductionBatch",生产执行,v3:投料桥接
FG-batch-ingredient-usage-01,GRSS-ZZ-JL-17,投料打料记录-鸡蛋糕,/Users/jiashenglin/Desktop/mybrain/文件管理体系/当前公司/04-记录表单/制造部/投料打料记录-鸡蛋糕.md,制造部,"CalibrationRecord, Employee, IngredientUsage, MeasuringEquipment, ProductionBatch",生产执行,v3:投料桥接
FG-quality-process-monitoring-01,GRSS-ZZ-JL-18,报表领用记录登记表,/Users/jiashenglin/Desktop/mybrain/文件管理体系/当前公司/04-记录表单/制造部/报表领用记录登记表.md,制造部,Employee,通用支撑,v3:fallback 制造
FG-quality-environment-01,GRSS-ZZ-JL-19,日常清洁记录表（中段）,/Users/jiashenglin/Desktop/mybrain/文件管理体系/当前公司/04-记录表单/制造部/日常清洁记录表（中段）.md,制造部,"Employee, Location, ProductionBatch, 元数据",通用支撑,v3:环境卫生
FG-quality-environment-01,GRSS-ZZ-JL-20,日常清洁记录表（出炉间）,/Users/jiashenglin/Desktop/mybrain/文件管理体系/当前公司/04-记录表单/制造部/日常清洁记录表（出炉间）.md,制造部,"Employee, Location, ProductionBatch, 元数据",通用支撑,v3:环境卫生
FG-quality-environment-01,GRSS-ZZ-JL-21,日常清洁记录表（化学储藏间）,/Users/jiashenglin/Desktop/mybrain/文件管理体系/当前公司/04-记录表单/制造部/日常清洁记录表（化学储藏间）.md,制造部,"CleaningRecord, Employee, Location, ProductionBatch",生产执行,v3:环境卫生
FG-batch-ingredient-usage-01,GRSS-ZZ-JL-22,日常清洁记录表（小料房）,/Users/jiashenglin/Desktop/mybrain/文件管理体系/当前公司/04-记录表单/制造部/日常清洁记录表（小料房）.md,制造部,"Employee, Location, ProductionBatch, 元数据",通用支撑,v3:投料桥接
FG-batch-ingredient-usage-01,GRSS-ZZ-JL-23,日常清洁记录表（投料搅料间）,/Users/jiashenglin/Desktop/mybrain/文件管理体系/当前公司/04-记录表单/制造部/日常清洁记录表（投料搅料间）.md,制造部,"CleaningRecord, Employee, Location, ProductionBatch, 元数据",生产执行,v3:投料桥接
FG-quality-environment-01,GRSS-ZZ-JL-24,日常清洁记录表（晾桶间）,/Users/jiashenglin/Desktop/mybrain/文件管理体系/当前公司/04-记录表单/制造部/日常清洁记录表（晾桶间）.md,制造部,"Employee, Location, ProductionBatch, 元数据",通用支撑,v3:环境卫生
FG-quality-environment-01,GRSS-ZZ-JL-25,日常清洁记录表（果酱房）,/Users/jiashenglin/Desktop/mybrain/文件管理体系/当前公司/04-记录表单/制造部/日常清洁记录表（果酱房）.md,制造部,"Employee, Location, ProductionBatch, 元数据",通用支撑,v3:环境卫生
FG-quality-environment-01,GRSS-ZZ-JL-26,日常清洁记录表（烤蛋糕后段）,/Users/jiashenglin/Desktop/mybrain/文件管理体系/当前公司/04-记录表单/制造部/日常清洁记录表（烤蛋糕后段）.md,制造部,"CleaningRecord, Employee, Location, ProductionBatch, 元数据",生产执行,v3:环境卫生
FG-quality-environment-01,GRSS-ZZ-JL-27,日常清洁记录表（物料暂存间）,/Users/jiashenglin/Desktop/mybrain/文件管理体系/当前公司/04-记录表单/制造部/日常清洁记录表（物料暂存间）.md,制造部,"CleaningRecord, Employee, Location, ProductionBatch, 元数据",生产执行,v3:环境卫生
FG-batch-ingredient-usage-01,GRSS-ZZ-JL-28,日常清洁记录表（称油间）,/Users/jiashenglin/Desktop/mybrain/文件管理体系/当前公司/04-记录表单/制造部/日常清洁记录表（称油间）.md,制造部,"Employee, Location, ProductionBatch, 元数据",通用支撑,v3:投料桥接
FG-batch-ingredient-usage-01,GRSS-ZZ-JL-29,日常清洁记录表（筛粉间）,/Users/jiashenglin/Desktop/mybrain/文件管理体系/当前公司/04-记录表单/制造部/日常清洁记录表（筛粉间）.md,制造部,"Employee, Location, ProductionBatch, 元数据",通用支撑,v3:投料桥接
FG-quality-environment-01,GRSS-ZZ-JL-30,日常清洁记录表（蒸蛋糕后段）,/Users/jiashenglin/Desktop/mybrain/文件管理体系/当前公司/04-记录表单/制造部/日常清洁记录表（蒸蛋糕后段）.md,制造部,"CleaningRecord, Employee, Location, ProductionBatch, 元数据",生产执行,v3:环境卫生
FG-quality-environment-01,GRSS-ZZ-JL-31,日常清洁记录表（进炉间）,/Users/jiashenglin/Desktop/mybrain/文件管理体系/当前公司/04-记录表单/制造部/日常清洁记录表（进炉间）.md,制造部,"Employee, Location, ProductionBatch, 元数据",通用支撑,v3:环境卫生
FG-quality-environment-01,GRSS-ZZ-JL-32,日常清洁记录表（通用）,/Users/jiashenglin/Desktop/mybrain/文件管理体系/当前公司/04-记录表单/制造部/日常清洁记录表（通用）.md,制造部,"Employee, Location, ProductionBatch, 元数据",通用支撑,v3:环境卫生
FG-quality-environment-01,GRSS-ZZ-JL-33,日常清洁记录表（酒精房）,/Users/jiashenglin/Desktop/mybrain/文件管理体系/当前公司/04-记录表单/制造部/日常清洁记录表（酒精房）.md,制造部,"Employee, ProductionBatch, 元数据",通用支撑,v3:环境卫生
FG-quality-environment-01,GRSS-ZZ-JL-34,日常清洁记录表（鸡蛋房）,/Users/jiashenglin/Desktop/mybrain/文件管理体系/当前公司/04-记录表单/制造部/日常清洁记录表（鸡蛋房）.md,制造部,"Employee, Location, ProductionBatch, 元数据",通用支撑,v3:环境卫生
FG-batch-finished-goods-01,GRSS-ZZ-JL-35,果酱房半成品入库记录表,/Users/jiashenglin/Desktop/mybrain/文件管理体系/当前公司/04-记录表单/制造部/果酱房半成品入库记录表.md,制造部,"Employee, InventoryMovement, Location, MeasuringEquipment, Product, ProductionBatch",仓储/库存,v3:成品入库
FG-batch-ingredient-usage-01,GRSS-ZZ-JL-36,果酱房果酱投料打料过程记录表（原味）,/Users/jiashenglin/Desktop/mybrain/文件管理体系/当前公司/04-记录表单/制造部/果酱房果酱投料打料过程记录表（原味）.md,制造部,"CalibrationRecord, Employee, IngredientUsage, MeasuringEquipment, ProductionBatch",生产执行,v3:投料桥接
FG-batch-ingredient-usage-01,GRSS-ZZ-JL-37,果酱房果酱投料打料过程记录表（香蕉味）,/Users/jiashenglin/Desktop/mybrain/文件管理体系/当前公司/04-记录表单/制造部/果酱房果酱投料打料过程记录表（香蕉味）.md,制造部,"CalibrationRecord, Employee, IngredientUsage, MeasuringEquipment, ProductionBatch",生产执行,v3:投料桥接
FG-batch-inventory-movement-01,GRSS-ZZ-JL-38,每日库存盘点记录表,/Users/jiashenglin/Desktop/mybrain/文件管理体系/当前公司/04-记录表单/制造部/每日库存盘点记录表.md,制造部,"InventoryMovement, Location, Material, MaterialLot, ProductionBatch, StockCount",仓储/库存,v3:库存流转
FG-batch-production-01,GRSS-ZZ-JL-39,每日鸡蛋车间表,/Users/jiashenglin/Desktop/mybrain/文件管理体系/当前公司/04-记录表单/制造部/每日鸡蛋车间表.md,制造部,"Employee, IngredientUsage, InventoryMovement, Location, Material, MaterialLot, ProductionBatch, StockCount",生产执行,v3:生产批次
FG-quality-ccp-01,GRSS-ZZ-JL-40,烤炉过程记录表,/Users/jiashenglin/Desktop/mybrain/文件管理体系/当前公司/04-记录表单/制造部/烤炉过程记录表.md,制造部,"CCPRecord, ProcessStep, Product, ProductionBatch",生产执行,v3:CCP
FG-governance-audit-01,GRSS-ZZ-JL-41,烤蛋糕车间紫外线灯状态日常检查表,/Users/jiashenglin/Desktop/mybrain/文件管理体系/当前公司/04-记录表单/制造部/烤蛋糕车间紫外线灯状态日常检查表.md,制造部,"Employee, Equipment, Location, MaintenanceRecord, ProductionBatch",通用支撑,v3:审核检查
FG-governance-risk-assessment-01,GRSS-ZZ-JL-42,特殊材料使用风险评估及审批记录,/Users/jiashenglin/Desktop/mybrain/文件管理体系/当前公司/04-记录表单/制造部/特殊材料使用风险评估及审批记录.md,制造部,"Employee, HazardAssessment, IngredientUsage, Location, MaintenanceRecord, Material, MaterialLot, NonConformance, ProductionBatch",生产执行,v3:风险评估
FG-governance-audit-01,GRSS-ZZ-JL-43,玻璃及硬塑制品检查表,/Users/jiashenglin/Desktop/mybrain/文件管理体系/当前公司/04-记录表单/制造部/玻璃及硬塑制品检查表.md,制造部,"Employee, Location, NonConformance, ProductionBatch",品质/检验,v3:审核检查
FG-governance-audit-01,GRSS-ZZ-JL-44,班后检查表,/Users/jiashenglin/Desktop/mybrain/文件管理体系/当前公司/04-记录表单/制造部/班后检查表.md,制造部,"Employee, Equipment, ProductionBatch",通用支撑,v3:审核检查
FG-batch-production-01,GRSS-ZZ-JL-45,生产斗数记录表,/Users/jiashenglin/Desktop/mybrain/文件管理体系/当前公司/04-记录表单/制造部/生产斗数记录表.md,制造部,"Product, ProductionBatch",主数据/基础档案,v3:生产批次
FG-quality-process-monitoring-01,GRSS-ZZ-JL-46,生产清场记录表,/Users/jiashenglin/Desktop/mybrain/文件管理体系/当前公司/04-记录表单/制造部/生产清场记录表.md,制造部,"CorrectiveAction, Employee",通用支撑,v3:fallback 制造
FG-batch-production-01,GRSS-ZZ-JL-47,生产线换产启动前检查确认记录,/Users/jiashenglin/Desktop/mybrain/文件管理体系/当前公司/04-记录表单/制造部/生产线换产启动前检查确认记录.md,制造部,"ChangeEvent, CleaningRecord, Employee, Equipment, NonConformance, Product, ProductionBatch",研发/变更,v3:生产批次
FG-batch-production-01,GRSS-ZZ-JL-48,生产计划,/Users/jiashenglin/Desktop/mybrain/文件管理体系/当前公司/04-记录表单/制造部/生产计划.md,制造部,"Product, ProductionBatch",主数据/基础档案,v3:生产批次
FG-batch-ingredient-usage-01,GRSS-ZZ-JL-49,筛粉间排风口过滤布及电机更换记录表,/Users/jiashenglin/Desktop/mybrain/文件管理体系/当前公司/04-记录表单/制造部/筛粉间排风口过滤布及电机更换记录表.md,制造部,"ChangeEvent, Employee, Equipment, MaintenanceRecord",研发/变更,v3:投料桥接
FG-quality-environment-01,GRSS-ZZ-JL-50,筛网、过滤器清洁记录,/Users/jiashenglin/Desktop/mybrain/文件管理体系/当前公司/04-记录表单/制造部/筛网、过滤器清洁记录.md,制造部,"Employee, Location, ProductionBatch",通用支撑,v3:环境卫生
FG-quality-deviation-01,GRSS-ZZ-JL-51,纠正与整改记录,/Users/jiashenglin/Desktop/mybrain/文件管理体系/当前公司/04-记录表单/制造部/纠正与整改记录.md,制造部,"CorrectiveAction, Employee, Product, ProductionBatch",主数据/基础档案,v3:偏差
FG-quality-environment-01,GRSS-ZZ-JL-52,脚底清洁池消毒记录表,/Users/jiashenglin/Desktop/mybrain/文件管理体系/当前公司/04-记录表单/制造部/脚底清洁池消毒记录表.md,制造部,"Employee, Location, 元数据",通用支撑,v3:环境卫生
FG-quality-process-monitoring-01,GRSS-ZZ-JL-53,臭氧机启动关停与浓度记录表,/Users/jiashenglin/Desktop/mybrain/文件管理体系/当前公司/04-记录表单/制造部/臭氧机启动关停与浓度记录表.md,制造部,"CalibrationRecord, Employee, Location, MaintenanceRecord",通用支撑,v3:fallback 制造
FG-batch-production-01,GRSS-ZZ-JL-54,蒸炉过程记录表,/Users/jiashenglin/Desktop/mybrain/文件管理体系/当前公司/04-记录表单/制造部/蒸炉过程记录表.md,制造部,"Product, ProductionBatch",主数据/基础档案,v3:生产批次
FG-batch-production-01,GRSS-ZZ-JL-55,蒸蛋糕-面浆打发成型记录表,/Users/jiashenglin/Desktop/mybrain/文件管理体系/当前公司/04-记录表单/制造部/蒸蛋糕-面浆打发成型记录表.md,制造部,"CCPRecord, CalibrationRecord, Employee, IngredientUsage, Material, MaterialLot, MeasuringEquipment, Product, ProductionBatch",生产执行,v3:生产批次
FG-governance-audit-01,GRSS-ZZ-JL-56,蒸蛋糕车间紫外线灯状态日常检查表,/Users/jiashenglin/Desktop/mybrain/文件管理体系/当前公司/04-记录表单/制造部/蒸蛋糕车间紫外线灯状态日常检查表.md,制造部,"Employee, Equipment, Location, MaintenanceRecord, ProductionBatch",通用支撑,v3:审核检查
FG-batch-production-01,GRSS-ZZ-JL-57,蛋糕包装机用膜跟进记录表,/Users/jiashenglin/Desktop/mybrain/文件管理体系/当前公司/04-记录表单/制造部/蛋糕包装机用膜跟进记录表.md,制造部,"CalibrationRecord, Employee, Equipment, Location, MeasuringEquipment, NonConformance, PackagingMaterialUsage, Product, ProductionBatch",品质/检验,v3:entity ProductionBatch
FG-process-version-01,GRSS-ZZ-JL-58,计量器具内部校正记录表,/Users/jiashenglin/Desktop/mybrain/文件管理体系/当前公司/04-记录表单/制造部/计量器具内部校正记录表.md,制造部,ChangeEvent,研发/变更,v3:研发版本
FG-batch-production-01,GRSS-ZZ-JL-59,车间人员一次性物品领用使用记录表,/Users/jiashenglin/Desktop/mybrain/文件管理体系/当前公司/04-记录表单/制造部/车间人员一次性物品领用使用记录表.md,制造部,"Employee, IngredientUsage, Location, Material, NonConformance, ProductionBatch",生产执行,v3:entity ProductionBatch
FG-batch-production-01,GRSS-ZZ-JL-60,车间人员用药登记表,/Users/jiashenglin/Desktop/mybrain/文件管理体系/当前公司/04-记录表单/制造部/车间人员用药登记表.md,制造部,"Employee, Location, ProductionBatch",通用支撑,v3:entity ProductionBatch
FG-quality-environment-01,GRSS-ZZ-JL-61,车间内包膜间消毒记录表,/Users/jiashenglin/Desktop/mybrain/文件管理体系/当前公司/04-记录表单/制造部/车间内包膜间消毒记录表.md,制造部,"Employee, Location, ProductionBatch",通用支撑,v3:环境卫生
FG-quality-calibration-lab-01,GRSS-ZZ-JL-62,车间冰柜温控记录表,/Users/jiashenglin/Desktop/mybrain/文件管理体系/当前公司/04-记录表单/制造部/车间冰柜温控记录表.md,制造部,"Employee, Location, MeasuringEquipment, 元数据",通用支撑,v3:校准化验
FG-process-parameter-spec-01,GRSS-ZZ-JL-63,车间参数配方修改记录表,/Users/jiashenglin/Desktop/mybrain/文件管理体系/当前公司/04-记录表单/制造部/车间参数配方修改记录表.md,制造部,ChangeEvent,研发/变更,v3:工艺参数标准
FG-quality-deviation-01,GRSS-ZZ-JL-64,车间员工违规处理表,/Users/jiashenglin/Desktop/mybrain/文件管理体系/当前公司/04-记录表单/制造部/车间员工违规处理表.md,制造部,"CorrectiveAction, Employee, NonConformance, ProductionBatch",品质/检验,v3:偏差
FG-batch-inventory-movement-01,GRSS-ZZ-JL-65,车间废纸托登记记录表,/Users/jiashenglin/Desktop/mybrain/文件管理体系/当前公司/04-记录表单/制造部/车间废纸托登记记录表.md,制造部,"Employee, InventoryMovement",仓储/库存,v3:库存流转
FG-batch-finished-goods-01,GRSS-ZZ-JL-66,车间成品产出入库表,/Users/jiashenglin/Desktop/mybrain/文件管理体系/当前公司/04-记录表单/制造部/车间成品产出入库表.md,制造部,"Employee, InventoryMovement, Location, MeasuringEquipment, Product, ProductionBatch",仓储/库存,v3:成品入库
FG-process-version-01,GRSS-ZZ-JL-67,车间新风口过滤布更换记录,/Users/jiashenglin/Desktop/mybrain/文件管理体系/当前公司/04-记录表单/制造部/车间新风口过滤布更换记录.md,制造部,"ChangeEvent, Employee, Location",研发/变更,v3:研发版本
FG-batch-ingredient-usage-01,GRSS-ZZ-JL-68,配料记录表（小料）,/Users/jiashenglin/Desktop/mybrain/文件管理体系/当前公司/04-记录表单/制造部/配料记录表（小料）.md,制造部,"CalibrationRecord, Employee, EnvironmentRecord, IngredientUsage, Material, ProductionBatch",生产执行,v3:投料桥接
FG-batch-ingredient-usage-01,GRSS-ZZ-JL-69,配料记录表（果酱房）,/Users/jiashenglin/Desktop/mybrain/文件管理体系/当前公司/04-记录表单/制造部/配料记录表（果酱房）.md,制造部,"CalibrationRecord, Employee, IngredientUsage, MeasuringEquipment, Product, ProductionBatch",生产执行,v3:投料桥接
FG-batch-ingredient-usage-01,GRSS-ZZ-JL-70,配料记录表（筛粉）,/Users/jiashenglin/Desktop/mybrain/文件管理体系/当前公司/04-记录表单/制造部/配料记录表（筛粉）.md,制造部,"CalibrationRecord, Employee, EnvironmentRecord, IngredientUsage, Material, ProductionBatch",生产执行,v3:投料桥接
FG-batch-ingredient-usage-01,GRSS-ZZ-JL-71,配料记录表（配油）,/Users/jiashenglin/Desktop/mybrain/文件管理体系/当前公司/04-记录表单/制造部/配料记录表（配油）.md,制造部,"CalibrationRecord, Employee, EnvironmentRecord, IngredientUsage, Material, ProductionBatch",生产执行,v3:投料桥接
FG-quality-metal-detection-01,GRSS-ZZ-JL-72,金属探测机检测记录表,/Users/jiashenglin/Desktop/mybrain/文件管理体系/当前公司/04-记录表单/制造部/金属探测机检测记录表.md,制造部,"CorrectiveAction, Employee, Location, MeasuringEquipment, NonConformance, Product, ProductionBatch",品质/检验,v3:金探
FG-batch-production-01,GRSS-ZZ-JL-73,面浆打发成型记录表,/Users/jiashenglin/Desktop/mybrain/文件管理体系/当前公司/04-记录表单/制造部/面浆打发成型记录表.md,制造部,"CalibrationRecord, Employee, IngredientUsage, Material, MaterialLot, MeasuringEquipment, Product, ProductionBatch",生产执行,v3:生产批次
FG-quality-process-monitoring-01,GRSS-ZZ-JL-74,风箱过滤布更换记录表,/Users/jiashenglin/Desktop/mybrain/文件管理体系/当前公司/04-记录表单/制造部/风箱过滤布更换记录表.md,制造部,"Employee, Location, 元数据",通用支撑,v3:fallback 制造
FG-quality-product-inspection-01,GRSS-PZ-JL-01,BRCGS产品风险区判定记录,/Users/jiashenglin/Desktop/mybrain/文件管理体系/当前公司/04-记录表单/品质部/BRCGS产品风险区判定记录.md,品质部,"Employee, HazardAssessment, Product",主数据/基础档案,v3:fallback 品质质检
FG-quality-incoming-inspection-01,GRSS-PZ-JL-02,一般原辅料检验报告,/Users/jiashenglin/Desktop/mybrain/文件管理体系/当前公司/04-记录表单/品质部/一般原辅料检验报告.md,品质部,"Employee, Material, MaterialInspection, MaterialLot, Supplier",品质/检验,v3:来料检验
FG-batch-production-01,GRSS-PZ-JL-03,临界点分析报告,/Users/jiashenglin/Desktop/mybrain/文件管理体系/当前公司/04-记录表单/品质部/临界点分析报告.md,品质部,"CorrectiveAction, Employee, NonConformance, Product, ProductionBatch",品质/检验,v3:entity ProductionBatch
FG-quality-release-decision-01,GRSS-PZ-JL-04,产品放行授权书,/Users/jiashenglin/Desktop/mybrain/文件管理体系/当前公司/04-记录表单/品质部/产品放行授权书.md,品质部,"Document, DocumentIssuance, Employee",通用支撑,v3:放行
FG-quality-product-inspection-01,GRSS-PZ-JL-05,产品检验报告,/Users/jiashenglin/Desktop/mybrain/文件管理体系/当前公司/04-记录表单/品质部/产品检验报告.md,品质部,"Document, Employee, Inspection, Product, ProductionBatch",品质/检验,v3:产品检验
FG-quality-allergen-control-01,GRSS-PZ-JL-06,产品过敏原清单,/Users/jiashenglin/Desktop/mybrain/文件管理体系/当前公司/04-记录表单/品质部/产品过敏原清单.md,品质部,"AuditRecord, CorrectiveAction, NonConformance",品质/检验,v3:过敏原
FG-quality-environment-01,GRSS-PZ-JL-07,保质期实验记录,/Users/jiashenglin/Desktop/mybrain/文件管理体系/当前公司/04-记录表单/品质部/保质期实验记录.md,品质部,"Document, Employee, EnvironmentRecord, Inspection, Product, ProductionBatch",生产执行,v3:entity EnvironmentRecord
FG-quality-environment-01,GRSS-PZ-JL-08,保质期检验记录,/Users/jiashenglin/Desktop/mybrain/文件管理体系/当前公司/04-记录表单/品质部/保质期检验记录.md,品质部,"Document, Employee, EnvironmentRecord, Inspection, Product, ProductionBatch",生产执行,v3:entity EnvironmentRecord
FG-quality-incoming-inspection-01,GRSS-PZ-JL-09,内包装材料检验报告,/Users/jiashenglin/Desktop/mybrain/文件管理体系/当前公司/04-记录表单/品质部/内包装材料检验报告.md,品质部,"Employee, Material, MaterialInspection, MaterialLot, Supplier",品质/检验,v3:来料检验
FG-governance-audit-01,GRSS-PZ-JL-10,内审实施计划表,/Users/jiashenglin/Desktop/mybrain/文件管理体系/当前公司/04-记录表单/品质部/内审实施计划表.md,品质部,"AuditRecord, Document, Employee",通用支撑,v3:审核检查
FG-governance-audit-01,GRSS-PZ-JL-11,内审检查表,/Users/jiashenglin/Desktop/mybrain/文件管理体系/当前公司/04-记录表单/品质部/内审检查表.md,品质部,"AuditRecord, Document, Employee",通用支撑,v3:审核检查
FG-governance-audit-01,GRSS-PZ-JL-12,内部审核报告,/Users/jiashenglin/Desktop/mybrain/文件管理体系/当前公司/04-记录表单/品质部/内部审核报告.md,品质部,"AuditRecord, Document, Employee",通用支撑,v3:审核检查
FG-quality-calibration-lab-01,GRSS-PZ-JL-13,创可贴批次检测记录表,/Users/jiashenglin/Desktop/mybrain/文件管理体系/当前公司/04-记录表单/品质部/创可贴批次检测记录表.md,品质部,"Document, Inspection, Material, MaterialLot, MeasuringEquipment",品质/检验,v3:校准化验
FG-process-version-01,GRSS-PZ-JL-14,前提方案（PRP）验证记录,/Users/jiashenglin/Desktop/mybrain/文件管理体系/当前公司/04-记录表单/品质部/前提方案（PRP）验证记录.md,品质部,"ChangeVerificationRecord, CorrectiveAction, Document, Employee",研发/变更,v3:研发版本
FG-batch-inventory-movement-01,GRSS-PZ-JL-15,化学品使用记录,/Users/jiashenglin/Desktop/mybrain/文件管理体系/当前公司/04-记录表单/品质部/化学品使用记录.md,品质部,"Employee, InventoryMovement, Location, Material, ProcessRecord",仓储/库存,v3:库存流转
FG-quality-calibration-lab-01,GRSS-PZ-JL-16,化验室仪器使用记录,/Users/jiashenglin/Desktop/mybrain/文件管理体系/当前公司/04-记录表单/品质部/化验室仪器使用记录.md,品质部,"Employee, MaterialLot, MeasuringEquipment, ProcessRecord",采购/来料,v3:校准化验
FG-quality-calibration-lab-01,GRSS-PZ-JL-17,化验室仪器设备检定表,/Users/jiashenglin/Desktop/mybrain/文件管理体系/当前公司/04-记录表单/品质部/化验室仪器设备检定表.md,品质部,"CalibrationRecord, Document, MeasuringEquipment",通用支撑,v3:校准化验
FG-quality-calibration-lab-01,GRSS-PZ-JL-18,化验室及车间仪器设备检定记录表（外检报告）,/Users/jiashenglin/Desktop/mybrain/文件管理体系/当前公司/04-记录表单/品质部/化验室及车间仪器设备检定记录表（外检报告）.md,品质部,"CalibrationRecord, Document, MeasuringEquipment",通用支撑,v3:校准化验
FG-quality-product-inspection-01,GRSS-PZ-JL-19,化验室日报表,/Users/jiashenglin/Desktop/mybrain/文件管理体系/当前公司/04-记录表单/品质部/化验室日报表.md,品质部,"Document, Employee, Inspection, Product, ProductionBatch",品质/检验,v3:entity product inspection
FG-quality-calibration-lab-01,GRSS-PZ-JL-20,化验室设备运行一览表,/Users/jiashenglin/Desktop/mybrain/文件管理体系/当前公司/04-记录表单/品质部/化验室设备运行一览表.md,品质部,"Document, MaintenanceRecord, MeasuringEquipment",通用支撑,v3:校准化验
FG-quality-product-inspection-01,GRSS-PZ-JL-21,半成品检验报告,/Users/jiashenglin/Desktop/mybrain/文件管理体系/当前公司/04-记录表单/品质部/半成品检验报告.md,品质部,"Employee, Inspection, NonConformance, ProcessRecord, Product, ProductionBatch",生产执行,v3:产品检验
FG-quality-environment-01,GRSS-PZ-JL-22,卫生月检表,/Users/jiashenglin/Desktop/mybrain/文件管理体系/当前公司/04-记录表单/品质部/卫生月检表.md,品质部,"CleaningRecord, CorrectiveAction, Document, Employee, EnvironmentRecord",通用支撑,v3:环境卫生
FG-quality-ccp-01,GRSS-PZ-JL-23,危害分析工作单,/Users/jiashenglin/Desktop/mybrain/文件管理体系/当前公司/04-记录表单/品质部/危害分析工作单.md,品质部,"CCPPoint, Document, Employee, HazardAssessment, Material, ProcessStep",主数据/基础档案,v3:CCP
FG-quality-ccp-01,GRSS-PZ-JL-24,危害控制计划确认、验证记录,/Users/jiashenglin/Desktop/mybrain/文件管理体系/当前公司/04-记录表单/品质部/危害控制计划确认、验证记录.md,品质部,"CCPRecord, ChangeVerificationRecord, CorrectiveAction, Document, HazardAssessment, NonConformance",研发/变更,v3:CCP
FG-batch-sample-01,GRSS-PZ-JL-25,原料包装留样记录,/Users/jiashenglin/Desktop/mybrain/文件管理体系/当前公司/04-记录表单/品质部/原料包装留样记录.md,品质部,"Employee, Material, MaterialLot",采购/来料,v3:留样
FG-quality-allergen-control-01,GRSS-PZ-JL-26,原料过敏原分析,/Users/jiashenglin/Desktop/mybrain/文件管理体系/当前公司/04-记录表单/品质部/原料过敏原分析.md,品质部,"Document, Employee, Material",主数据/基础档案,v3:过敏原
FG-governance-risk-assessment-01,GRSS-PZ-JL-27,原料风险评估记录,/Users/jiashenglin/Desktop/mybrain/文件管理体系/当前公司/04-记录表单/品质部/原料风险评估记录.md,品质部,"Document, Employee, HazardAssessment",通用支撑,v3:风险评估
FG-quality-incoming-inspection-01,GRSS-PZ-JL-28,原辅料原始检验台账,/Users/jiashenglin/Desktop/mybrain/文件管理体系/当前公司/04-记录表单/品质部/原辅料原始检验台账.md,品质部,"Employee, Material, MaterialInspection, MaterialLot, Supplier",品质/检验,v3:entity MaterialInspection
FG-process-version-01,GRSS-PZ-JL-29,变更申请表,/Users/jiashenglin/Desktop/mybrain/文件管理体系/当前公司/04-记录表单/品质部/变更申请表.md,品质部,"ChangeApproval, ChangeEvent, Document, Employee",研发/变更,v3:研发版本
FG-quality-incoming-inspection-01,GRSS-PZ-JL-30,外包装材料检验报告,/Users/jiashenglin/Desktop/mybrain/文件管理体系/当前公司/04-记录表单/品质部/外包装材料检验报告.md,品质部,"Employee, Material, MaterialInspection, MaterialLot, NonConformance, Supplier",品质/检验,v3:来料检验
FG-quality-environment-01,GRSS-PZ-JL-31,微检室温湿度记录,/Users/jiashenglin/Desktop/mybrain/文件管理体系/当前公司/04-记录表单/品质部/微检室温湿度记录.md,品质部,"Employee, EnvironmentRecord",通用支撑,v3:环境卫生
FG-quality-deviation-01,GRSS-PZ-JL-32,意外事故调查报告,/Users/jiashenglin/Desktop/mybrain/文件管理体系/当前公司/04-记录表单/品质部/意外事故调查报告.md,品质部,"CorrectiveAction, Employee, Location, NonConformance",品质/检验,v3:偏差
FG-process-version-01,GRSS-PZ-JL-33,承诺声明完整性控制记录表,/Users/jiashenglin/Desktop/mybrain/文件管理体系/当前公司/04-记录表单/品质部/承诺声明完整性控制记录表.md,品质部,"ChangeVerificationRecord, CorrectiveAction, Document, Inspection, Product, ProductionBatch, Supplier",研发/变更,v3:研发版本
FG-batch-sample-01,GRSS-PZ-JL-34,样品留样检测及处理记录表,/Users/jiashenglin/Desktop/mybrain/文件管理体系/当前公司/04-记录表单/品质部/样品留样检测及处理记录表.md,品质部,"Document, Inspection, Product, ProductionBatch, WasteRecord",品质/检验,v3:留样
FG-governance-food-safety-team-01,GRSS-PZ-JL-35,每周食品安全排查治理表,/Users/jiashenglin/Desktop/mybrain/文件管理体系/当前公司/04-记录表单/品质部/每周食品安全排查治理表.md,品质部,"AuditRecord, CorrectiveAction, NonConformance",品质/检验,v3:食品安全治理
FG-quality-ccp-01,GRSS-PZ-JL-36,每日食品安全检查表,/Users/jiashenglin/Desktop/mybrain/文件管理体系/当前公司/04-记录表单/品质部/每日食品安全检查表.md,品质部,"CCPRecord, Employee, Inspection, NonConformance",品质/检验,v3:CCP
FG-quality-product-inspection-01,GRSS-PZ-JL-37,每月食品安全调度会议纪要,/Users/jiashenglin/Desktop/mybrain/文件管理体系/当前公司/04-记录表单/品质部/每月食品安全调度会议纪要.md,品质部,"AuditRecord, CorrectiveAction, Employee, NonConformance",品质/检验,v3:fallback 品质质检
FG-quality-incoming-inspection-01,GRSS-PZ-JL-38,油脂类来料检验报告,/Users/jiashenglin/Desktop/mybrain/文件管理体系/当前公司/04-记录表单/品质部/油脂类来料检验报告.md,品质部,"Employee, Material, MaterialInspection, MaterialLot, Supplier",品质/检验,v3:来料检验
FG-quality-environment-01,GRSS-PZ-JL-39,消毒水余氯测试记录表,/Users/jiashenglin/Desktop/mybrain/文件管理体系/当前公司/04-记录表单/品质部/消毒水余氯测试记录表.md,品质部,"CleaningRecord, Document, Location",通用支撑,v3:环境卫生
FG-quality-environment-01,GRSS-PZ-JL-40,温度、湿度记录,/Users/jiashenglin/Desktop/mybrain/文件管理体系/当前公司/04-记录表单/品质部/温度、湿度记录.md,品质部,"Employee, EnvironmentRecord, Location",通用支撑,v3:entity EnvironmentRecord
FG-quality-product-inspection-01,GRSS-PZ-JL-41,生产用水内检原始记录,/Users/jiashenglin/Desktop/mybrain/文件管理体系/当前公司/04-记录表单/品质部/生产用水内检原始记录.md,品质部,"Document, Inspection",品质/检验,v3:fallback 品质质检
FG-batch-sample-01,GRSS-PZ-JL-42,留样记录,/Users/jiashenglin/Desktop/mybrain/文件管理体系/当前公司/04-记录表单/品质部/留样记录.md,品质部,"CleaningRecord, Document, Employee, EnvironmentRecord, Inspection, Product, ProductionBatch, WasteRecord",生产执行,v3:留样
FG-quality-calibration-lab-01,GRSS-PZ-JL-43,百分之一天平使用校准记录,/Users/jiashenglin/Desktop/mybrain/文件管理体系/当前公司/04-记录表单/品质部/百分之一天平使用校准记录.md,品质部,"CalibrationRecord, Document",通用支撑,v3:校准化验
FG-quality-calibration-lab-01,GRSS-PZ-JL-44,监视测量设施校准计划表,/Users/jiashenglin/Desktop/mybrain/文件管理体系/当前公司/04-记录表单/品质部/监视测量设施校准计划表.md,品质部,"CalibrationRecord, Document, Location, MeasuringEquipment",通用支撑,v3:校准化验
FG-quality-calibration-lab-01,GRSS-PZ-JL-45,监视设备台账表,/Users/jiashenglin/Desktop/mybrain/文件管理体系/当前公司/04-记录表单/品质部/监视设备台账表.md,品质部,"CalibrationRecord, Employee, Location, MeasuringEquipment",通用支撑,v3:校准化验
FG-governance-management-review-01,GRSS-PZ-JL-46,产品开发部工作总结,/Users/jiashenglin/Desktop/mybrain/文件管理体系/当前公司/04-记录表单/品质部/管理评审汇总/产品开发部工作总结.md,品质部,"ChangeEvent, ManagementReview, Product, Recipe",管理与支持,v3:name:管理评审
FG-governance-management-review-01,GRSS-PZ-JL-47,公司工作总结,/Users/jiashenglin/Desktop/mybrain/文件管理体系/当前公司/04-记录表单/品质部/管理评审汇总/公司工作总结.md,品质部,"InventoryMovement, ManagementReview, Material, NonConformance, Product, ProductionBatch, Supplier",管理与支持,v3:name:管理评审
FG-governance-management-review-01,GRSS-PZ-JL-48,制造部、仓储组、工程部工作总结,/Users/jiashenglin/Desktop/mybrain/文件管理体系/当前公司/04-记录表单/品质部/管理评审汇总/制造部、仓储组、工程部工作总结.md,品质部,"InventoryMovement, MaintenanceRecord, ManagementReview, NonConformance, ProductionBatch",管理与支持,v3:name:管理评审
FG-governance-management-review-01,GRSS-PZ-JL-49,品质部工作总结,/Users/jiashenglin/Desktop/mybrain/文件管理体系/当前公司/04-记录表单/品质部/管理评审汇总/品质部工作总结.md,品质部,"Document, ManagementReview",管理与支持,v3:name:管理评审
FG-governance-management-review-01,GRSS-PZ-JL-50,管理评审,/Users/jiashenglin/Desktop/mybrain/文件管理体系/当前公司/04-记录表单/品质部/管理评审汇总/管理评审.md,品质部,"CorrectiveAction, InternalAudit, ManagementReview, ProductRecall, TraceabilityDrill",追溯演练,v3:name:管理评审
FG-governance-management-review-01,GRSS-PZ-JL-51,管理评审会议纪要,/Users/jiashenglin/Desktop/mybrain/文件管理体系/当前公司/04-记录表单/品质部/管理评审汇总/管理评审会议纪要.md,品质部,"AuditRecord, Document, Employee, ManagementReview",管理与支持,v3:name:管理评审
FG-governance-management-review-01,GRSS-PZ-JL-52,管理评审报告,/Users/jiashenglin/Desktop/mybrain/文件管理体系/当前公司/04-记录表单/品质部/管理评审汇总/管理评审报告.md,品质部,"AuditRecord, CorrectiveAction, Document, Employee, ManagementReview",管理与支持,v3:name:管理评审
FG-governance-management-review-01,GRSS-PZ-JL-53,管理评审计划,/Users/jiashenglin/Desktop/mybrain/文件管理体系/当前公司/04-记录表单/品质部/管理评审汇总/管理评审计划.md,品质部,"Document, Employee, ManagementReview",管理与支持,v3:name:管理评审
FG-governance-management-review-01,GRSS-PZ-JL-54,营销部工作总结,/Users/jiashenglin/Desktop/mybrain/文件管理体系/当前公司/04-记录表单/品质部/管理评审汇总/营销部工作总结.md,品质部,"Complaint, InventoryMovement, ManagementReview, ProductRecall",销售/投诉/召回,v3:name:管理评审
FG-governance-management-review-01,GRSS-PZ-JL-55,行政人事部工作总结,/Users/jiashenglin/Desktop/mybrain/文件管理体系/当前公司/04-记录表单/品质部/管理评审汇总/行政人事部工作总结.md,品质部,"Employee, ManagementReview, Regulation, TrainingRecord",管理与支持,v3:name:管理评审
FG-governance-management-review-01,GRSS-PZ-JL-56,采购部工作总结,/Users/jiashenglin/Desktop/mybrain/文件管理体系/当前公司/04-记录表单/品质部/管理评审汇总/采购部工作总结.md,品质部,"ManagementReview, Material, MaterialInspection, Supplier",管理与支持,v3:name:管理评审
FG-quality-incoming-inspection-01,GRSS-PZ-JL-57,糖类检验报告,/Users/jiashenglin/Desktop/mybrain/文件管理体系/当前公司/04-记录表单/品质部/糖类检验报告.md,品质部,"Document, Employee, Material, MaterialInspection, MaterialLot, Supplier",品质/检验,v3:来料检验
FG-quality-release-decision-01,GRSS-PZ-JL-58,紧急采购物资使用评估放行审批表,/Users/jiashenglin/Desktop/mybrain/文件管理体系/当前公司/04-记录表单/品质部/紧急采购物资使用评估放行审批表.md,品质部,"ChangeApproval, Material, MaterialInspection, MaterialLot, Supplier",品质/检验,v3:放行
FG-quality-environment-01,GRSS-PZ-JL-59,自来水余氯检查表,/Users/jiashenglin/Desktop/mybrain/文件管理体系/当前公司/04-记录表单/品质部/自来水余氯检查表.md,品质部,"Employee, Location, ProcessRecord",通用支撑,v3:环境卫生
FG-batch-inventory-movement-01,GRSS-PZ-JL-60,药品出入库记录,/Users/jiashenglin/Desktop/mybrain/文件管理体系/当前公司/04-记录表单/品质部/药品出入库记录.md,品质部,"Employee, InventoryMovement, Material",仓储/库存,v3:库存流转
FG-governance-audit-01,GRSS-PZ-JL-61,虫鼠害检查记录表,/Users/jiashenglin/Desktop/mybrain/文件管理体系/当前公司/04-记录表单/品质部/虫鼠害检查记录表.md,品质部,"CorrectiveAction, Employee, Inspection, Location",品质/检验,v3:审核检查
FG-quality-incoming-inspection-01,GRSS-PZ-JL-62,蛋与蛋制品检验报告,/Users/jiashenglin/Desktop/mybrain/文件管理体系/当前公司/04-记录表单/品质部/蛋与蛋制品检验报告.md,品质部,"Employee, Material, MaterialInspection, MaterialLot, Supplier",品质/检验,v3:来料检验
FG-quality-product-inspection-01,GRSS-PZ-JL-63,蛋糕油脱模占比核算表,/Users/jiashenglin/Desktop/mybrain/文件管理体系/当前公司/04-记录表单/品质部/蛋糕油脱模占比核算表.md,品质部,"Employee, Inspection, ProcessRecord",品质/检验,v3:fallback 品质质检
FG-quality-ccp-01,GRSS-PZ-JL-64,车间布局变更HACCP风险评估确认、验证记录,/Users/jiashenglin/Desktop/mybrain/文件管理体系/当前公司/04-记录表单/品质部/车间布局变更HACCP风险评估确认、验证记录.md,品质部,"ChangeEvent, ChangeVerificationRecord, Employee, HazardAssessment, Location",研发/变更,v3:CCP
FG-quality-calibration-lab-01,GRSS-PZ-JL-65,车间测量设备台账表,/Users/jiashenglin/Desktop/mybrain/文件管理体系/当前公司/04-记录表单/品质部/车间测量设备台账表.md,品质部,"CalibrationRecord, Location, MeasuringEquipment",通用支撑,v3:校准化验
FG-quality-environment-01,GRSS-PZ-JL-66,车间环境微生物检验报告,/Users/jiashenglin/Desktop/mybrain/文件管理体系/当前公司/04-记录表单/品质部/车间环境微生物检验报告.md,品质部,"Document, EnvironmentRecord, Location",通用支撑,v3:环境卫生
FG-quality-allergen-control-01,GRSS-PZ-JL-67,过敏原控制措施验证记录,/Users/jiashenglin/Desktop/mybrain/文件管理体系/当前公司/04-记录表单/品质部/过敏原控制措施验证记录.md,品质部,"ChangeVerificationRecord, Document",研发/变更,v3:过敏原
FG-quality-allergen-control-01,GRSS-PZ-JL-68,过敏原测试记录,/Users/jiashenglin/Desktop/mybrain/文件管理体系/当前公司/04-记录表单/品质部/过敏原测试记录.md,品质部,"CleaningRecord, Employee, Location",通用支撑,v3:过敏原
FG-quality-product-inspection-01,GRSS-PZ-JL-69,过敏源趋势分析,/Users/jiashenglin/Desktop/mybrain/文件管理体系/当前公司/04-记录表单/品质部/过敏源趋势分析.md,品质部,"CleaningRecord, CorrectiveAction, Employee, Location",通用支撑,v3:fallback 品质质检
FG-quality-rework-01,GRSS-PZ-JL-70,返工评估、过程记录表,/Users/jiashenglin/Desktop/mybrain/文件管理体系/当前公司/04-记录表单/品质部/返工评估、过程记录表.md,品质部,"Document, Product, ProductionBatch, ReworkRecord",主数据/基础档案,v3:返工
FG-trace-backward-drill-01,GRSS-PZ-JL-71,追溯演练记录（反追）2025年,/Users/jiashenglin/Desktop/mybrain/文件管理体系/当前公司/04-记录表单/品质部/追溯演练/追溯演练记录（反追）2025年.md,品质部,"Document, Employee, TraceabilityDrill",追溯演练,v3:name:反追
FG-trace-forward-drill-01,GRSS-PZ-JL-72,追溯演练记录（正追）2025年,/Users/jiashenglin/Desktop/mybrain/文件管理体系/当前公司/04-记录表单/品质部/追溯演练/追溯演练记录（正追）2025年.md,品质部,"Document, Employee, TraceabilityDrill",追溯演练,v3:name:正追
FG-quality-incoming-inspection-01,GRSS-PZ-JL-73,面粉来料检验报告,/Users/jiashenglin/Desktop/mybrain/文件管理体系/当前公司/04-记录表单/品质部/面粉来料检验报告.md,品质部,"Employee, Material, MaterialInspection, MaterialLot, Supplier",品质/检验,v3:来料检验
FG-governance-food-safety-team-01,GRSS-PZ-JL-74,食品安全目标及考核表,/Users/jiashenglin/Desktop/mybrain/文件管理体系/当前公司/04-记录表单/品质部/食品安全目标及考核表.md,品质部,"CorrectiveAction, Document, FoodSafetyObjective",通用支撑,v3:食品安全治理
FG-process-version-01,GRSS-PZ-JL-75,食品欺诈脆弱性验证记录表,/Users/jiashenglin/Desktop/mybrain/文件管理体系/当前公司/04-记录表单/品质部/食品欺诈脆弱性验证记录表.md,品质部,"ChangeVerificationRecord, Document",研发/变更,v3:研发版本
FG-governance-maintenance-support-01,GRSS-GC-JL-01,临时性维修卡,/Users/jiashenglin/Desktop/mybrain/文件管理体系/当前公司/04-记录表单/工程部/临时性维修卡.md,工程部,"Employee, Location, MaintenanceRecord",通用支撑,v3:name:工程维护
FG-governance-maintenance-support-01,GRSS-GC-JL-02,压缩空气精密过滤器更换记录,/Users/jiashenglin/Desktop/mybrain/文件管理体系/当前公司/04-记录表单/工程部/压缩空气精密过滤器更换记录.md,工程部,"Employee, Location, MaintenanceRecord",通用支撑,v3:name:工程维护
FG-governance-maintenance-support-01,GRSS-GC-JL-03,年度维护保养计划,/Users/jiashenglin/Desktop/mybrain/文件管理体系/当前公司/04-记录表单/工程部/年度维护保养计划.md,工程部,"Employee, Location, MaintenanceRecord",通用支撑,v3:name:工程维护
FG-process-version-01,GRSS-GC-JL-04,新设备试行不合格评审处置记录,/Users/jiashenglin/Desktop/mybrain/文件管理体系/当前公司/04-记录表单/工程部/新设备试行不合格评审处置记录.md,工程部,"ChangeVerificationRecord, CorrectiveAction, Employee, Location, NonConformance, Supplier",研发/变更,v3:研发版本
FG-governance-maintenance-support-01,GRSS-GC-JL-05,润滑油点检记录表,/Users/jiashenglin/Desktop/mybrain/文件管理体系/当前公司/04-记录表单/工程部/润滑油点检记录表.md,工程部,"Employee, Location, MaintenanceRecord",通用支撑,v3:name:工程维护
FG-governance-maintenance-support-01,GRSS-GC-JL-06,生活水池维护保养记录表,/Users/jiashenglin/Desktop/mybrain/文件管理体系/当前公司/04-记录表单/工程部/生活水池维护保养记录表.md,工程部,"Employee, MaintenanceRecord",通用支撑,v3:name:工程维护
FG-governance-maintenance-support-01,GRSS-GC-JL-07,电工每日巡查记录,/Users/jiashenglin/Desktop/mybrain/文件管理体系/当前公司/04-记录表单/工程部/电工每日巡查记录.md,工程部,"Employee, MaintenanceRecord",通用支撑,v3:name:工程维护
FG-governance-maintenance-support-01,GRSS-GC-JL-08,纯水机系统维护保养记录,/Users/jiashenglin/Desktop/mybrain/文件管理体系/当前公司/04-记录表单/工程部/纯水机系统维护保养记录.md,工程部,"Employee, MaintenanceRecord",通用支撑,v3:name:工程维护
FG-governance-maintenance-support-01,GRSS-GC-JL-09,维修申请单,/Users/jiashenglin/Desktop/mybrain/文件管理体系/当前公司/04-记录表单/工程部/维修申请单.md,工程部,"Employee, MaintenanceRecord, ProcessRecord",通用支撑,v3:name:工程维护
FG-governance-maintenance-support-01,GRSS-GC-JL-10,维护保养记录,/Users/jiashenglin/Desktop/mybrain/文件管理体系/当前公司/04-记录表单/工程部/维护保养记录.md,工程部,"Employee, Location, MaintenanceRecord",通用支撑,v3:name:工程维护
FG-governance-maintenance-support-01,GRSS-GC-JL-11,蒸炉维护保养记录表,/Users/jiashenglin/Desktop/mybrain/文件管理体系/当前公司/04-记录表单/工程部/蒸炉维护保养记录表.md,工程部,"Employee, MaintenanceRecord",通用支撑,v3:name:工程维护
FG-process-version-01,GRSS-GC-JL-12,设备变更申请、评估记录,/Users/jiashenglin/Desktop/mybrain/文件管理体系/当前公司/04-记录表单/工程部/设备变更申请、评估记录.md,工程部,"ChangeApproval, ChangeEvent, ChangeVerificationRecord, Employee, Location",研发/变更,v3:研发版本
FG-governance-maintenance-support-01,GRSS-GC-JL-13,设备台账,/Users/jiashenglin/Desktop/mybrain/文件管理体系/当前公司/04-记录表单/工程部/设备台账.md,工程部,"Location, MaintenanceRecord",通用支撑,v3:fallback 工程部
FG-governance-maintenance-support-01,GRSS-GC-JL-14,设备巡检记录表,/Users/jiashenglin/Desktop/mybrain/文件管理体系/当前公司/04-记录表单/工程部/设备巡检记录表.md,工程部,"Employee, Location, MaintenanceRecord",通用支撑,v3:name:工程维护
FG-governance-maintenance-support-01,GRSS-GC-JL-15,设施设备验收记录,/Users/jiashenglin/Desktop/mybrain/文件管理体系/当前公司/04-记录表单/工程部/设施设备验收记录.md,工程部,"Employee, Location, MaintenanceRecord, Supplier",采购/来料,v3:name:工程维护
FG-governance-maintenance-support-01,GRSS-GC-JL-16,金属探测机维修保养记录表,/Users/jiashenglin/Desktop/mybrain/文件管理体系/当前公司/04-记录表单/工程部/金属探测机维修保养记录表.md,工程部,"Employee, Location, MaintenanceRecord",通用支撑,v3:name:工程维护
FG-batch-inventory-movement-01,GRSS-YX-JL-01,产品销售登记表,/Users/jiashenglin/Desktop/mybrain/文件管理体系/当前公司/04-记录表单/营销部/产品销售登记表.md,营销部,"Document, Employee, InventoryMovement, Location, Product, ProductionBatch",仓储/库存,v3:库存流转
FG-trace-recall-01,GRSS-YX-JL-02,产品召回申请单,/Users/jiashenglin/Desktop/mybrain/文件管理体系/当前公司/04-记录表单/营销部/召回演练/产品召回申请单.md,营销部,"Document, Employee, Product, ProductRecall, ProductionBatch",销售/投诉/召回,v3:name:召回
FG-trace-recall-01,GRSS-YX-JL-03,产品召回计划,/Users/jiashenglin/Desktop/mybrain/文件管理体系/当前公司/04-记录表单/营销部/召回演练/产品召回计划.md,营销部,"Document, Employee, Product, ProductRecall, ProductionBatch",销售/投诉/召回,v3:name:召回
FG-trace-recall-01,GRSS-YX-JL-04,产品召回通知单,/Users/jiashenglin/Desktop/mybrain/文件管理体系/当前公司/04-记录表单/营销部/召回演练/产品召回通知单.md,营销部,"Document, Employee, Product, ProductRecall, ProductionBatch",销售/投诉/召回,v3:name:召回
FG-trace-recall-01,GRSS-YX-JL-05,召回演练记录与报告,/Users/jiashenglin/Desktop/mybrain/文件管理体系/当前公司/04-记录表单/营销部/召回演练/召回演练记录与报告.md,营销部,"CorrectiveAction, Document, Employee, ProductRecall",销售/投诉/召回,v3:name:召回
FG-trace-recall-01,GRSS-YX-JL-06,投诉趋势分析,/Users/jiashenglin/Desktop/mybrain/文件管理体系/当前公司/04-记录表单/营销部/投诉趋势分析.md,营销部,"Complaint, Document, Employee",销售/投诉/召回,v3:name:召回
FG-governance-supplier-evaluation-01,GRSS-YX-JL-07,运输商的定期考核表,/Users/jiashenglin/Desktop/mybrain/文件管理体系/当前公司/04-记录表单/营销部/运输商的定期考核表.md,营销部,"Document, Inspection, NonConformance, Supplier",品质/检验,v3:name:运输商考核
FG-batch-inventory-movement-01,GRSS-YX-JL-08,销售出库单,/Users/jiashenglin/Desktop/mybrain/文件管理体系/当前公司/04-记录表单/营销部/销售出库单.md,营销部,"Document, Employee, InventoryMovement, Location, Product",仓储/库存,v3:库存流转
FG-trace-recall-01,GRSS-YX-JL-09,顾客投诉处理报告单,/Users/jiashenglin/Desktop/mybrain/文件管理体系/当前公司/04-记录表单/营销部/顾客投诉处理报告单.md,营销部,"Complaint, CorrectiveAction, Document, Employee, Product, ProductionBatch",销售/投诉/召回,v3:name:召回
FG-governance-management-review-01,GRSS-YX-JL-10,顾客满意度调查表,/Users/jiashenglin/Desktop/mybrain/文件管理体系/当前公司/04-记录表单/营销部/顾客满意度调查表.md,营销部,"CorrectiveAction, Document, Employee, Inspection, Product",品质/检验,v3:name:顾客满意度输入
FG-governance-support-operations-01,GRSS-XZ-JL-01,人员管制区域,/Users/jiashenglin/Desktop/mybrain/文件管理体系/当前公司/04-记录表单/行政人事部/人员管制区域.md,行政人事部,"Employee, Location",通用支撑,v3:fallback 行政人事
FG-governance-support-operations-01,GRSS-XZ-JL-02,体系文件收发记录表,/Users/jiashenglin/Desktop/mybrain/文件管理体系/当前公司/04-记录表单/行政人事部/体系文件收发记录表.md,行政人事部,DocumentIssuance,通用支撑,v3:fallback 行政人事
FG-governance-support-operations-01,GRSS-XZ-JL-03,供方沟通交流存档表,/Users/jiashenglin/Desktop/mybrain/文件管理体系/当前公司/04-记录表单/行政人事部/供方沟通交流存档表.md,行政人事部,Supplier,采购/来料,v3:name:沟通支持
FG-governance-support-operations-01,GRSS-XZ-JL-04,信息沟通工作单,/Users/jiashenglin/Desktop/mybrain/文件管理体系/当前公司/04-记录表单/行政人事部/信息沟通工作单.md,行政人事部,"Document, Employee",通用支撑,v3:name:沟通支持
FG-quality-environment-01,GRSS-XZ-JL-05,内外部环境与风险机遇应对措施表,/Users/jiashenglin/Desktop/mybrain/文件管理体系/当前公司/04-记录表单/行政人事部/内外部环境与风险机遇应对措施表.md,行政人事部,HazardAssessment,通用支撑,v3:环境卫生
FG-governance-training-01,GRSS-XZ-JL-06,内部审核首（末）次会议签到表,/Users/jiashenglin/Desktop/mybrain/文件管理体系/当前公司/04-记录表单/行政人事部/内部审核首（末）次会议签到表.md,行政人事部,AuditRecord,通用支撑,v3:name:培训
FG-governance-support-operations-01,GRSS-XZ-JL-07,内部报告登记表,/Users/jiashenglin/Desktop/mybrain/文件管理体系/当前公司/04-记录表单/行政人事部/内部报告登记表.md,行政人事部,"CorrectiveAction, Employee, NonConformance",品质/检验,v3:name:沟通支持
FG-quality-environment-01,GRSS-XZ-JL-08,卫生大比拼检查表,/Users/jiashenglin/Desktop/mybrain/文件管理体系/当前公司/04-记录表单/行政人事部/卫生大比拼检查表.md,行政人事部,"CorrectiveAction, Inspection, Location",品质/检验,v3:环境卫生
FG-governance-maintenance-support-01,GRSS-XZ-JL-09,厂区绿化维护记录,/Users/jiashenglin/Desktop/mybrain/文件管理体系/当前公司/04-记录表单/行政人事部/厂区绿化维护记录.md,行政人事部,"Employee, Location, MaintenanceRecord",通用支撑,v3:name:工程维护
FG-quality-environment-01,GRSS-XZ-JL-10,厕所消毒记录表,/Users/jiashenglin/Desktop/mybrain/文件管理体系/当前公司/04-记录表单/行政人事部/厕所消毒记录表.md,行政人事部,"CleaningRecord, Employee, Location",通用支撑,v3:环境卫生
FG-governance-support-operations-01,GRSS-XZ-JL-11,厨余垃圾统计表,/Users/jiashenglin/Desktop/mybrain/文件管理体系/当前公司/04-记录表单/行政人事部/厨余垃圾统计表.md,行政人事部,"Employee, WasteRecord",通用支撑,v3:fallback 行政人事
FG-governance-visitor-access-01,GRSS-XZ-JL-12,后门外来车辆人员出入登记表,/Users/jiashenglin/Desktop/mybrain/文件管理体系/当前公司/04-记录表单/行政人事部/后门外来车辆人员出入登记表.md,行政人事部,Visitor,管理与支持,v3:name:出入访客
FG-governance-visitor-access-01,GRSS-XZ-JL-13,员工外出放行条,/Users/jiashenglin/Desktop/mybrain/文件管理体系/当前公司/04-记录表单/行政人事部/员工外出放行条.md,行政人事部,Employee,通用支撑,v3:name:出入访客
FG-governance-training-01,GRSS-XZ-JL-14,培训记录评价表（在职）,/Users/jiashenglin/Desktop/mybrain/文件管理体系/当前公司/04-记录表单/行政人事部/培训记录评价表（在职）.md,行政人事部,TrainingRecord,管理与支持,v3:name:培训
FG-governance-training-01,GRSS-XZ-JL-15,培训需求申请单,/Users/jiashenglin/Desktop/mybrain/文件管理体系/当前公司/04-记录表单/行政人事部/培训需求申请单.md,行政人事部,"Employee, TrainingRecord",管理与支持,v3:name:培训
FG-governance-risk-assessment-01,GRSS-XZ-JL-16,外包服务食品安全风险评估、评价表,/Users/jiashenglin/Desktop/mybrain/文件管理体系/当前公司/04-记录表单/行政人事部/外包服务食品安全风险评估、评价表.md,行政人事部,"HazardAssessment, Supplier",采购/来料,v3:风险评估
FG-governance-support-operations-01,GRSS-XZ-JL-17,外来文件清单,/Users/jiashenglin/Desktop/mybrain/文件管理体系/当前公司/04-记录表单/行政人事部/外来文件清单.md,行政人事部,"Document, Employee",通用支撑,v3:fallback 行政人事
FG-governance-support-operations-01,GRSS-XZ-JL-18,工作联系单,/Users/jiashenglin/Desktop/mybrain/文件管理体系/当前公司/04-记录表单/行政人事部/工作联系单.md,行政人事部,"Document, Employee",通用支撑,v3:name:沟通支持
FG-batch-inventory-movement-01,GRSS-XZ-JL-19,工厂钥匙每月盘点记录表,/Users/jiashenglin/Desktop/mybrain/文件管理体系/当前公司/04-记录表单/行政人事部/工厂钥匙每月盘点记录表.md,行政人事部,StockCount,仓储/库存,v3:库存流转
FG-governance-support-operations-01,GRSS-XZ-JL-20,年度应急演练计划,/Users/jiashenglin/Desktop/mybrain/文件管理体系/当前公司/04-记录表单/行政人事部/年度应急演练计划.md,行政人事部,"AuditRecord, Employee",通用支撑,v3:fallback 行政人事
FG-governance-support-operations-01,GRSS-XZ-JL-21,应急预案演练和评审记录,/Users/jiashenglin/Desktop/mybrain/文件管理体系/当前公司/04-记录表单/行政人事部/应急预案演练和评审记录.md,行政人事部,CorrectiveAction,通用支撑,v3:fallback 行政人事
FG-governance-support-operations-01,GRSS-XZ-JL-22,文件借阅复制记录,/Users/jiashenglin/Desktop/mybrain/文件管理体系/当前公司/04-记录表单/行政人事部/文件借阅复制记录.md,行政人事部,"Document, Employee",通用支撑,v3:fallback 行政人事
FG-governance-support-operations-01,GRSS-XZ-JL-23,文件发放（领用）登记表,/Users/jiashenglin/Desktop/mybrain/文件管理体系/当前公司/04-记录表单/行政人事部/文件发放（领用）登记表.md,行政人事部,DocumentIssuance,通用支撑,v3:fallback 行政人事
FG-governance-support-operations-01,GRSS-XZ-JL-24,文件归档登记表,/Users/jiashenglin/Desktop/mybrain/文件管理体系/当前公司/04-记录表单/行政人事部/文件归档登记表.md,行政人事部,"Document, DocumentIssuance, Employee",通用支撑,v3:fallback 行政人事
FG-governance-support-operations-01,GRSS-XZ-JL-25,文件收发记录表,/Users/jiashenglin/Desktop/mybrain/文件管理体系/当前公司/04-记录表单/行政人事部/文件收发记录表.md,行政人事部,"Document, DocumentIssuance, Employee",通用支撑,v3:fallback 行政人事
FG-process-version-01,GRSS-XZ-JL-26,文件更改申请表,/Users/jiashenglin/Desktop/mybrain/文件管理体系/当前公司/04-记录表单/行政人事部/文件更改申请表.md,行政人事部,"ChangeEvent, Document, Employee",研发/变更,v3:研发版本
FG-governance-support-operations-01,GRSS-XZ-JL-27,文件销毁审批表,/Users/jiashenglin/Desktop/mybrain/文件管理体系/当前公司/04-记录表单/行政人事部/文件销毁审批表.md,行政人事部,"Document, Employee",通用支撑,v3:fallback 行政人事
FG-governance-training-01,GRSS-XZ-JL-28,新员工入职培训记录档案,/Users/jiashenglin/Desktop/mybrain/文件管理体系/当前公司/04-记录表单/行政人事部/新员工入职培训记录档案.md,行政人事部,TrainingRecord,管理与支持,v3:name:培训
FG-quality-environment-01,GRSS-XZ-JL-29,日常卫生打扫记录表,/Users/jiashenglin/Desktop/mybrain/文件管理体系/当前公司/04-记录表单/行政人事部/日常卫生打扫记录表.md,行政人事部,CleaningRecord,通用支撑,v3:环境卫生
FG-governance-visitor-access-01,GRSS-XZ-JL-30,来宾进入车间健康及保密声明,/Users/jiashenglin/Desktop/mybrain/文件管理体系/当前公司/04-记录表单/行政人事部/来宾进入车间健康及保密声明.md,行政人事部,Visitor,管理与支持,v3:name:出入访客
FG-governance-visitor-access-01,GRSS-XZ-JL-31,来访人员登记表,/Users/jiashenglin/Desktop/mybrain/文件管理体系/当前公司/04-记录表单/行政人事部/来访人员登记表.md,行政人事部,"Employee, Visitor",管理与支持,v3:name:出入访客
FG-batch-sample-01,GRSS-XZ-JL-32,样品接收单,/Users/jiashenglin/Desktop/mybrain/文件管理体系/当前公司/04-记录表单/行政人事部/样品接收单.md,行政人事部,"Employee, Material, MaterialInspection, MaterialLot, Supplier",品质/检验,v3:留样
FG-governance-support-operations-01,GRSS-XZ-JL-33,法律法规清单,/Users/jiashenglin/Desktop/mybrain/文件管理体系/当前公司/04-记录表单/行政人事部/法律法规清单.md,行政人事部,"Document, Regulation",管理与支持,v3:name:沟通支持
FG-governance-support-operations-01,GRSS-XZ-JL-34,洗衣房工作记录表,/Users/jiashenglin/Desktop/mybrain/文件管理体系/当前公司/04-记录表单/行政人事部/洗衣房工作记录表.md,行政人事部,CleaningRecord,通用支撑,v3:fallback 行政人事
FG-batch-inventory-movement-01,GRSS-XZ-JL-35,洗衣房工衣库存明细,/Users/jiashenglin/Desktop/mybrain/文件管理体系/当前公司/04-记录表单/行政人事部/洗衣房工衣库存明细.md,行政人事部,StockCount,仓储/库存,v3:库存流转
FG-batch-inventory-movement-01,GRSS-XZ-JL-36,礼品出入库登记表,/Users/jiashenglin/Desktop/mybrain/文件管理体系/当前公司/04-记录表单/行政人事部/礼品出入库登记表.md,行政人事部,InventoryMovement,仓储/库存,v3:库存流转
FG-governance-support-operations-01,GRSS-XZ-JL-37,礼品领用记录,/Users/jiashenglin/Desktop/mybrain/文件管理体系/当前公司/04-记录表单/行政人事部/礼品领用记录.md,行政人事部,Employee,通用支撑,v3:fallback 行政人事
FG-governance-management-review-01,GRSS-XZ-JL-38,管理评审会议纪要,/Users/jiashenglin/Desktop/mybrain/文件管理体系/当前公司/04-记录表单/行政人事部/管理评审会议纪要.md,行政人事部,"AuditRecord, Document, Employee, ManagementReview",管理与支持,v3:name:管理评审
FG-governance-management-review-01,GRSS-XZ-JL-39,管理评审报告,/Users/jiashenglin/Desktop/mybrain/文件管理体系/当前公司/04-记录表单/行政人事部/管理评审报告.md,行政人事部,"AuditRecord, CorrectiveAction, Document, Employee, ManagementReview",管理与支持,v3:name:管理评审
FG-governance-support-operations-01,GRSS-XZ-JL-40,组织架构图,/Users/jiashenglin/Desktop/mybrain/文件管理体系/当前公司/04-记录表单/行政人事部/组织架构图.md,行政人事部,"Department, Document",通用支撑,v3:name:沟通支持
FG-quality-environment-01,GRSS-XZ-JL-41,组织环境因素及相关方需求和期望识别表,/Users/jiashenglin/Desktop/mybrain/文件管理体系/当前公司/04-记录表单/行政人事部/组织环境因素及相关方需求和期望识别表.md,行政人事部,"Document, HazardAssessment",通用支撑,v3:环境卫生
FG-governance-support-operations-01,GRSS-XZ-JL-42,记录处理审批单,/Users/jiashenglin/Desktop/mybrain/文件管理体系/当前公司/04-记录表单/行政人事部/记录处理审批单.md,行政人事部,"Document, Employee",通用支撑,v3:name:沟通支持
FG-governance-support-operations-01,GRSS-XZ-JL-43,记录汇总清单,/Users/jiashenglin/Desktop/mybrain/文件管理体系/当前公司/04-记录表单/行政人事部/记录汇总清单.md,行政人事部,Document,通用支撑,v3:name:沟通支持
FG-governance-visitor-access-01,GRSS-XZ-JL-44,货物放行条,/Users/jiashenglin/Desktop/mybrain/文件管理体系/当前公司/04-记录表单/行政人事部/货物放行条.md,行政人事部,"Employee, InventoryMovement, MaterialLot",仓储/库存,v3:name:出入访客
FG-governance-audit-01,GRSS-XZ-JL-45,质检大抽检检查记录表,/Users/jiashenglin/Desktop/mybrain/文件管理体系/当前公司/04-记录表单/行政人事部/质检大抽检检查记录表.md,行政人事部,Inspection,品质/检验,v3:审核检查
FG-governance-audit-01,GRSS-XZ-JL-46,车间人员操作情况检查考核表,/Users/jiashenglin/Desktop/mybrain/文件管理体系/当前公司/04-记录表单/行政人事部/车间人员操作情况检查考核表.md,行政人事部,Inspection,品质/检验,v3:审核检查
FG-governance-audit-01,GRSS-XZ-JL-47,邮件包裹检查记录表,/Users/jiashenglin/Desktop/mybrain/文件管理体系/当前公司/04-记录表单/行政人事部/邮件包裹检查记录表.md,行政人事部,Inspection,品质/检验,v3:审核检查
FG-governance-visitor-access-01,GRSS-XZ-JL-48,钥匙借用登记录表,/Users/jiashenglin/Desktop/mybrain/文件管理体系/当前公司/04-记录表单/行政人事部/钥匙借用登记录表.md,行政人事部,"AssetLoanRecord, Employee",管理与支持,v3:name:出入访客
FG-governance-food-safety-team-01,GRSS-XZ-JL-49,食品安全小组,/Users/jiashenglin/Desktop/mybrain/文件管理体系/当前公司/04-记录表单/行政人事部/食品安全小组.md,行政人事部,"Employee, Organization",管理与支持,v3:食品安全治理
FG-governance-food-safety-team-01,GRSS-XZ-JL-50,食品安全文化建设计划执行及评价情况,/Users/jiashenglin/Desktop/mybrain/文件管理体系/当前公司/04-记录表单/行政人事部/食品安全文化建设计划执行及评价情况.md,行政人事部,"Employee, FoodSafetyCultureRecord, TrainingRecord",管理与支持,v3:食品安全治理
FG-quality-environment-01,GRSS-XZ-JL-51,食堂卫生及食品安全检查记录,/Users/jiashenglin/Desktop/mybrain/文件管理体系/当前公司/04-记录表单/行政人事部/食堂卫生及食品安全检查记录.md,行政人事部,"Inspection, NonConformance",品质/检验,v3:环境卫生
FG-quality-product-inspection-01,GRSS-ZJ-JL-01,下料单个重量记录表-质检,/Users/jiashenglin/Desktop/mybrain/文件管理体系/当前公司/04-记录表单/质检组/下料单个重量记录表-质检.md,质检组,"Employee, Location, ProcessRecord",通用支撑,v3:产品检验
FG-quality-product-inspection-01,GRSS-ZJ-JL-02,中后段车间成品首检记录表-质检,/Users/jiashenglin/Desktop/mybrain/文件管理体系/当前公司/04-记录表单/质检组/中后段车间成品首检记录表-质检.md,质检组,"Employee, Inspection, MeasuringEquipment, NonConformance, Product, ProductionBatch",品质/检验,v3:产品检验
FG-quality-product-inspection-01,GRSS-ZJ-JL-03,产品中心温度记录表-质检,/Users/jiashenglin/Desktop/mybrain/文件管理体系/当前公司/04-记录表单/质检组/产品中心温度记录表-质检.md,质检组,"CCPRecord, Employee, Location, NonConformance, ProductionBatch",生产执行,v3:产品检验
FG-quality-product-inspection-01,GRSS-ZJ-JL-04,产品品评记录-质检,/Users/jiashenglin/Desktop/mybrain/文件管理体系/当前公司/04-记录表单/质检组/产品品评记录-质检.md,质检组,"Employee, Inspection, Location, ProductionBatch",品质/检验,v3:产品检验
FG-quality-product-inspection-01,GRSS-ZJ-JL-05,产品质量抽查表-质检,/Users/jiashenglin/Desktop/mybrain/文件管理体系/当前公司/04-记录表单/质检组/产品质量抽查表-质检.md,质检组,"Employee, Inspection, Location, ProductionBatch",品质/检验,v3:产品检验
FG-quality-product-inspection-01,GRSS-ZJ-JL-06,仓库成品抽检记录表-质检,/Users/jiashenglin/Desktop/mybrain/文件管理体系/当前公司/04-记录表单/质检组/仓库成品抽检记录表-质检.md,质检组,"Employee, Inspection, Product, ProductionBatch, ReworkRecord",品质/检验,v3:产品检验
FG-quality-product-inspection-01,GRSS-ZJ-JL-07,后段成品抽检记录表-质检,/Users/jiashenglin/Desktop/mybrain/文件管理体系/当前公司/04-记录表单/质检组/后段成品抽检记录表-质检.md,质检组,"Employee, Inspection, Location, Product, ProductionBatch",品质/检验,v3:产品检验
FG-quality-product-inspection-01,GRSS-ZJ-JL-08,后段车间净含量检验记录表-质检,/Users/jiashenglin/Desktop/mybrain/文件管理体系/当前公司/04-记录表单/质检组/后段车间净含量检验记录表-质检.md,质检组,"Employee, Inspection, Location, Product",品质/检验,v3:产品检验
FG-quality-environment-01,GRSS-ZJ-JL-09,员工每日健康卫生检查记录-质检,/Users/jiashenglin/Desktop/mybrain/文件管理体系/当前公司/04-记录表单/质检组/员工每日健康卫生检查记录-质检.md,质检组,"CleaningRecord, Employee, Location, NonConformance",品质/检验,v3:环境卫生
FG-governance-maintenance-support-01,GRSS-ZJ-JL-10,巡检过程异常记录表-质检,/Users/jiashenglin/Desktop/mybrain/文件管理体系/当前公司/04-记录表单/质检组/巡检过程异常记录表-质检.md,质检组,"Employee, NonConformance",品质/检验,v3:name:工程维护
FG-quality-product-inspection-01,GRSS-ZJ-JL-11,机头浆料比重、料温、纸托跟进表-质检,/Users/jiashenglin/Desktop/mybrain/文件管理体系/当前公司/04-记录表单/质检组/机头浆料比重、料温、纸托跟进表-质检.md,质检组,"Employee, Location, ProcessRecord",通用支撑,v3:产品检验
FG-quality-environment-01,GRSS-ZJ-JL-12,每日卫生检查记录表-质检,/Users/jiashenglin/Desktop/mybrain/文件管理体系/当前公司/04-记录表单/质检组/每日卫生检查记录表-质检.md,质检组,"Employee, Location, ProcessRecord",通用支撑,v3:环境卫生
FG-quality-product-inspection-01,GRSS-ZJ-JL-13,氮气机、干燥机、除水过滤跟进表-质检,/Users/jiashenglin/Desktop/mybrain/文件管理体系/当前公司/04-记录表单/质检组/氮气机、干燥机、除水过滤跟进表-质检.md,质检组,"Employee, EnvironmentRecord, Location",通用支撑,v3:产品检验
FG-quality-product-inspection-01,GRSS-ZJ-JL-14,氮气记录表-质检,/Users/jiashenglin/Desktop/mybrain/文件管理体系/当前公司/04-记录表单/质检组/氮气记录表-质检.md,质检组,"CleaningRecord, Employee, Location",通用支撑,v3:产品检验
FG-quality-environment-01,GRSS-ZJ-JL-15,洁净车间正负压跟进表-质检,/Users/jiashenglin/Desktop/mybrain/文件管理体系/当前公司/04-记录表单/质检组/洁净车间正负压跟进表-质检.md,质检组,"EnvironmentRecord, Location",通用支撑,v3:环境卫生
FG-quality-ccp-01,GRSS-ZJ-JL-16,温湿度记录表-质检,/Users/jiashenglin/Desktop/mybrain/文件管理体系/当前公司/04-记录表单/质检组/温湿度记录表-质检.md,质检组,"CCPRecord, Employee, Location, NonConformance, ProductionBatch",生产执行,v3:CCP
FG-governance-maintenance-support-01,GRSS-ZJ-JL-17,烤炉过程巡检表-质检,/Users/jiashenglin/Desktop/mybrain/文件管理体系/当前公司/04-记录表单/质检组/烤炉过程巡检表-质检.md,质检组,"Employee, Inspection, Location, ProductionBatch",品质/检验,v3:name:工程维护
FG-quality-environment-01,GRSS-ZJ-JL-18,车间内包膜间消毒检查表-质检,/Users/jiashenglin/Desktop/mybrain/文件管理体系/当前公司/04-记录表单/质检组/车间内包膜间消毒检查表-质检.md,质检组,"Employee, Inspection, Location",品质/检验,v3:环境卫生
FG-quality-environment-01,GRSS-ZJ-JL-19,车间环境监控检验记录-质检,/Users/jiashenglin/Desktop/mybrain/文件管理体系/当前公司/04-记录表单/质检组/车间环境监控检验记录-质检.md,质检组,"Employee, Inspection, Location, Product",品质/检验,v3:环境卫生
FG-quality-product-inspection-01,GRSS-ZJ-JL-20,酒精房抽检记录表-质检,/Users/jiashenglin/Desktop/mybrain/文件管理体系/当前公司/04-记录表单/质检组/酒精房抽检记录表-质检.md,质检组,"Employee, Location, ProcessRecord",通用支撑,v3:产品检验
FG-quality-environment-01,GRSS-ZJ-JL-21,鸡蛋房消毒池抽检记录-质检,/Users/jiashenglin/Desktop/mybrain/文件管理体系/当前公司/04-记录表单/质检组/鸡蛋房消毒池抽检记录-质检.md,质检组,"Employee, Inspection, Product, ProductionBatch, ReworkRecord",品质/检验,v3:环境卫生
FG-governance-supplier-documents-01,GRSS-CG-JL-01,供应商台账,/Users/jiashenglin/Desktop/mybrain/文件管理体系/当前公司/04-记录表单/采购部/供应商台账.md,采购部,Supplier,采购/来料,v3:name:供应商资料
FG-governance-supplier-documents-01,GRSS-CG-JL-02,供应商现场审核报告,/Users/jiashenglin/Desktop/mybrain/文件管理体系/当前公司/04-记录表单/采购部/供应商现场审核报告.md,采购部,"AuditRecord, Document, Employee, Supplier",采购/来料,v3:name:供应商资料
FG-governance-supplier-evaluation-01,GRSS-CG-JL-03,供应商绩效评估表,/Users/jiashenglin/Desktop/mybrain/文件管理体系/当前公司/04-记录表单/采购部/供应商绩效评估表.md,采购部,"Document, Employee, Inspection, Material, Supplier",品质/检验,v3:name:供应商评价
FG-governance-supplier-evaluation-01,GRSS-CG-JL-04,供应商评价表,/Users/jiashenglin/Desktop/mybrain/文件管理体系/当前公司/04-记录表单/采购部/供应商评价表.md,采购部,"Document, Employee, Inspection, Material, Supplier",品质/检验,v3:name:供应商评价
FG-governance-supplier-documents-01,GRSS-CG-JL-05,供应商调查问卷表,/Users/jiashenglin/Desktop/mybrain/文件管理体系/当前公司/04-记录表单/采购部/供应商调查问卷表.md,采购部,"Document, Employee, Material, Supplier",采购/来料,v3:name:供应商资料
FG-batch-material-lot-01,GRSS-CG-JL-06,原辅料验收台账,/Users/jiashenglin/Desktop/mybrain/文件管理体系/当前公司/04-记录表单/采购部/原辅料验收台账.md,采购部,"Document, Employee, Material, MaterialInspection, MaterialLot, Supplier",品质/检验,v3:物料批次
FG-governance-supplier-documents-01,GRSS-CG-JL-07,合格供应方资料台账,/Users/jiashenglin/Desktop/mybrain/文件管理体系/当前公司/04-记录表单/采购部/合格供应方资料台账.md,采购部,"Document, Material, Supplier",采购/来料,v3:name:供应商资料
FG-governance-supplier-evaluation-01,GRSS-CG-JL-08,新准入供应商评价表,/Users/jiashenglin/Desktop/mybrain/文件管理体系/当前公司/04-记录表单/采购部/新准入供应商评价表.md,采购部,"Document, Employee, Inspection, Material, Supplier",品质/检验,v3:name:供应商评价
FG-governance-supplier-documents-01,GRSS-CG-JL-09,物资采购计划单,/Users/jiashenglin/Desktop/mybrain/文件管理体系/当前公司/04-记录表单/采购部/物资采购计划单.md,采购部,"Document, Employee, Material, MaterialLot, Supplier",采购/来料,v3:fallback 采购
FG-quality-incoming-inspection-01,GRSS-CG-JL-10,紧急采购申请单,/Users/jiashenglin/Desktop/mybrain/文件管理体系/当前公司/04-记录表单/采购部/紧急采购申请单.md,采购部,"Document, Employee, Material, MaterialInspection, MaterialLot, Supplier",品质/检验,v3:entity MaterialInspection
FG-governance-supplier-documents-01,GRSS-CG-JL-11,采购合同,/Users/jiashenglin/Desktop/mybrain/文件管理体系/当前公司/04-记录表单/采购部/采购合同.md,采购部,"Document, Material, MaterialLot, Supplier",采购/来料,v3:name:供应商资料
FG-process-version-01,GRSS-CG-JL-12,采购物资分类明细表,/Users/jiashenglin/Desktop/mybrain/文件管理体系/当前公司/04-记录表单/采购部/采购物资分类明细表.md,采购部,"ChangeEvent, Document, Employee, Location, Material",研发/变更,v3:研发版本
